,Node 2,Node 9,Node 11,Node 12,Node 13,Node 21,Node 22,Node 23,Node 31,Node 32,Link 9,Link 10,Link 11,Link 12,Link 21,Link 22,Link 31,Link 110,Link 111,Link 112,Link 113,Link 121,Link 122,Pressure 2,Pressure 10,Pressure 11,Pressure 12,Pressure 13,Pressure 21,Pressure 22,Pressure 23,Pressure 31,Pressure 32
Node 2,1.0,0.04,-0.05,-0.06,-0.05,-0.05,-0.05,-0.06,-0.05,-0.05,-0.04,-0.04,-0.05,-0.75,-0.17,-0.69,-0.15,-1.0,-0.16,-0.8,0.67,-0.12,0.03,0.05,0.04,0.04,0.03,0.29,0.07,0.07,0.15,0.07,0.07
Node 9,0.04,1.0,-0.61,-0.61,-0.4,-0.61,-0.61,-0.57,-0.59,-0.55,-1.0,-1.0,-0.61,-0.6,-0.87,-0.64,-0.65,-0.04,-0.99,-0.59,0.5,-0.88,-0.14,0.73,0.96,0.96,0.96,0.92,0.97,0.96,0.95,0.97,0.97
Node 11,-0.05,-0.61,1.0,0.97,0.91,0.95,0.95,0.96,0.94,0.94,0.61,0.61,1.0,0.13,0.18,0.12,-0.06,0.05,0.62,0.53,0.11,0.86,0.82,-0.01,-0.43,-0.44,-0.42,-0.34,-0.45,-0.42,-0.4,-0.46,-0.45
Node 12,-0.06,-0.61,0.97,1.0,0.91,0.96,0.95,0.97,0.95,0.95,0.61,0.61,0.97,0.13,0.18,0.12,-0.07,0.06,0.62,0.53,0.12,0.86,0.83,-0.01,-0.43,-0.43,-0.41,-0.34,-0.44,-0.42,-0.39,-0.46,-0.45
Node 13,-0.05,-0.4,0.91,0.91,1.0,0.9,0.91,0.93,0.9,0.93,0.4,0.4,0.91,-0.02,-0.04,-0.05,-0.26,0.05,0.42,0.43,0.27,0.72,0.9,0.18,-0.18,-0.18,-0.16,-0.1,-0.19,-0.17,-0.15,-0.21,-0.2
Node 21,-0.05,-0.61,0.95,0.96,0.9,1.0,0.95,0.95,0.94,0.94,0.61,0.61,0.95,0.13,0.17,0.12,-0.07,0.05,0.62,0.53,0.11,0.85,0.82,-0.02,-0.43,-0.44,-0.42,-0.34,-0.45,-0.42,-0.4,-0.46,-0.45
Node 22,-0.05,-0.61,0.95,0.95,0.91,0.95,1.0,0.95,0.94,0.94,0.61,0.61,0.95,0.13,0.18,0.12,-0.06,0.05,0.62,0.53,0.12,0.85,0.82,-0.01,-0.43,-0.43,-0.41,-0.34,-0.44,-0.42,-0.39,-0.46,-0.45
Node 23,-0.06,-0.57,0.96,0.97,0.93,0.95,0.95,1.0,0.94,0.95,0.57,0.57,0.96,0.1,0.13,0.09,-0.11,0.06,0.58,0.52,0.15,0.84,0.85,0.03,-0.38,-0.38,-0.36,-0.29,-0.39,-0.37,-0.35,-0.41,-0.4
Node 31,-0.05,-0.59,0.94,0.95,0.9,0.94,0.94,0.94,1.0,0.93,0.59,0.59,0.94,0.12,0.16,0.1,-0.13,0.05,0.6,0.52,0.13,0.86,0.84,0.0,-0.41,-0.41,-0.39,-0.32,-0.42,-0.4,-0.37,-0.44,-0.43
Node 32,-0.05,-0.55,0.94,0.95,0.93,0.94,0.94,0.95,0.93,1.0,0.55,0.55,0.94,0.09,0.12,0.07,-0.09,0.05,0.56,0.5,0.16,0.83,0.86,0.04,-0.36,-0.36,-0.34,-0.27,-0.37,-0.35,-0.32,-0.39,-0.38
Link 9,-0.04,-1.0,0.61,0.61,0.4,0.61,0.61,0.57,0.59,0.55,1.0,1.0,0.61,0.6,0.87,0.64,0.65,0.04,0.99,0.59,-0.5,0.88,0.14,-0.73,-0.96,-0.96,-0.96,-0.92,-0.97,-0.96,-0.95,-0.97,-0.97
Link 10,-0.04,-1.0,0.61,0.61,0.4,0.61,0.61,0.57,0.59,0.55,1.0,1.0,0.61,0.6,0.87,0.64,0.65,0.04,0.99,0.59,-0.5,0.88,0.14,-0.73,-0.96,-0.96,-0.96,-0.92,-0.97,-0.96,-0.95,-0.97,-0.97
Link 11,-0.05,-0.61,1.0,0.97,0.91,0.95,0.95,0.96,0.94,0.94,0.61,0.61,1.0,0.13,0.18,0.12,-0.06,0.05,0.62,0.53,0.11,0.86,0.82,-0.01,-0.43,-0.44,-0.42,-0.34,-0.45,-0.42,-0.4,-0.46,-0.45
Link 12,-0.75,-0.6,0.13,0.13,-0.02,0.13,0.13,0.1,0.12,0.09,0.6,0.6,0.13,1.0,0.78,1.0,0.69,0.75,0.68,0.86,-0.96,0.46,-0.27,-0.64,-0.65,-0.65,-0.65,-0.83,-0.67,-0.68,-0.74,-0.67,-0.67
Link 21,-0.17,-0.87,0.18,0.18,-0.04,0.17,0.18,0.13,0.16,0.12,0.87,0.87,0.18,0.78,1.0,0.82,0.88,0.17,0.87,0.54,-0.78,0.59,-0.34,-0.91,-0.93,-0.93,-0.93,-0.97,-0.93,-0.94,-0.96,-0.93,-0.93
Link 22,-0.69,-0.64,0.12,0.12,-0.05,0.12,0.12,0.09,0.1,0.07,0.64,0.64,0.12,1.0,0.82,1.0,0.73,0.69,0.71,0.83,-0.97,0.47,-0.3,-0.7,-0.69,-0.69,-0.69,-0.87,-0.71,-0.72,-0.78,-0.71,-0.71
Link 31,-0.15,-0.65,-0.06,-0.07,-0.26,-0.07,-0.06,-0.11,-0.13,-0.09,0.65,0.65,-0.06,0.69,0.88,0.73,1.0,0.15,0.65,0.37,-0.75,0.32,-0.51,-0.82,-0.75,-0.75,-0.76,-0.81,-0.75,-0.77,-0.79,-0.74,-0.75
Link 110,-1.0,-0.04,0.05,0.06,0.05,0.05,0.05,0.06,0.05,0.05,0.04,0.04,0.05,0.75,0.17,0.69,0.15,1.0,0.16,0.8,-0.67,0.12,-0.03,-0.05,-0.04,-0.04,-0.03,-0.29,-0.07,-0.07,-0.15,-0.07,-0.07
Link 111,-0.16,-0.99,0.62,0.62,0.42,0.62,0.62,0.58,0.6,0.56,0.99,0.99,0.62,0.68,0.87,0.71,0.65,0.16,1.0,0.69,-0.56,0.9,0.15,-0.72,-0.95,-0.95,-0.94,-0.93,-0.96,-0.95,-0.95,-0.96,-0.96
Link 112,-0.8,-0.59,0.53,0.53,0.43,0.53,0.53,0.52,0.52,0.5,0.59,0.59,0.53,0.86,0.54,0.83,0.37,0.8,0.69,1.0,-0.7,0.67,0.24,-0.35,-0.54,-0.54,-0.52,-0.69,-0.56,-0.56,-0.61,-0.57,-0.57
Link 113,0.67,0.5,0.11,0.12,0.27,0.11,0.12,0.15,0.13,0.16,-0.5,-0.5,0.11,-0.96,-0.78,-0.97,-0.75,-0.67,-0.56,-0.7,1.0,-0.26,0.51,0.7,0.6,0.6,0.6,0.79,0.61,0.63,0.69,0.6,0.61
Link 121,-0.12,-0.88,0.86,0.86,0.72,0.85,0.85,0.84,0.86,0.83,0.88,0.88,0.86,0.46,0.59,0.47,0.32,0.12,0.9,0.67,-0.26,1.0,0.53,-0.41,-0.76,-0.76,-0.75,-0.71,-0.77,-0.76,-0.75,-0.79,-0.78
Link 122,0.03,-0.14,0.82,0.83,0.9,0.82,0.82,0.85,0.84,0.86,0.14,0.14,0.82,-0.27,-0.34,-0.3,-0.51,-0.03,0.15,0.24,0.51,0.53,1.0,0.44,0.07,0.07,0.09,0.17,0.06,0.09,0.12,0.04,0.05
Pressure 2,0.05,0.73,-0.01,-0.01,0.18,-0.02,-0.01,0.03,0.0,0.04,-0.73,-0.73,-0.01,-0.64,-0.91,-0.7,-0.82,-0.05,-0.72,-0.35,0.7,-0.41,0.44,1.0,0.82,0.82,0.83,0.85,0.82,0.83,0.84,0.81,0.82
Pressure 10,0.04,0.96,-0.43,-0.43,-0.18,-0.43,-0.43,-0.38,-0.41,-0.36,-0.96,-0.96,-0.43,-0.65,-0.93,-0.69,-0.75,-0.04,-0.95,-0.54,0.6,-0.76,0.07,0.82,1.0,1.0,1.0,0.96,1.0,1.0,0.99,1.0,1.0
Pressure 11,0.04,0.96,-0.44,-0.43,-0.18,-0.44,-0.43,-0.38,-0.41,-0.36,-0.96,-0.96,-0.44,-0.65,-0.93,-0.69,-0.75,-0.04,-0.95,-0.54,0.6,-0.76,0.07,0.82,1.0,1.0,1.0,0.96,1.0,1.0,0.99,1.0,1.0
Pressure 12,0.03,0.96,-0.42,-0.41,-0.16,-0.42,-0.41,-0.36,-0.39,-0.34,-0.96,-0.96,-0.42,-0.65,-0.93,-0.69,-0.76,-0.03,-0.94,-0.52,0.6,-0.75,0.09,0.83,1.0,1.0,1.0,0.96,1.0,1.0,0.99,1.0,1.0
Pressure 13,0.29,0.92,-0.34,-0.34,-0.1,-0.34,-0.34,-0.29,-0.32,-0.27,-0.92,-0.92,-0.34,-0.83,-0.97,-0.87,-0.81,-0.29,-0.93,-0.69,0.79,-0.71,0.17,0.85,0.96,0.96,0.96,1.0,0.97,0.97,0.99,0.96,0.97
Pressure 21,0.07,0.97,-0.45,-0.44,-0.19,-0.45,-0.44,-0.39,-0.42,-0.37,-0.97,-0.97,-0.45,-0.67,-0.93,-0.71,-0.75,-0.07,-0.96,-0.56,0.61,-0.77,0.06,0.82,1.0,1.0,1.0,0.97,1.0,1.0,0.99,1.0,1.0
Pressure 22,0.07,0.96,-0.42,-0.42,-0.17,-0.42,-0.42,-0.37,-0.4,-0.35,-0.96,-0.96,-0.42,-0.68,-0.94,-0.72,-0.77,-0.07,-0.95,-0.56,0.63,-0.76,0.09,0.83,1.0,1.0,1.0,0.97,1.0,1.0,1.0,1.0,1.0
Pressure 23,0.15,0.95,-0.4,-0.39,-0.15,-0.4,-0.39,-0.35,-0.37,-0.32,-0.95,-0.95,-0.4,-0.74,-0.96,-0.78,-0.79,-0.15,-0.95,-0.61,0.69,-0.75,0.12,0.84,0.99,0.99,0.99,0.99,0.99,1.0,1.0,0.99,0.99
Pressure 31,0.07,0.97,-0.46,-0.46,-0.21,-0.46,-0.46,-0.41,-0.44,-0.39,-0.97,-0.97,-0.46,-0.67,-0.93,-0.71,-0.74,-0.07,-0.96,-0.57,0.6,-0.79,0.04,0.81,1.0,1.0,1.0,0.96,1.0,1.0,0.99,1.0,1.0
Pressure 32,0.07,0.97,-0.45,-0.45,-0.2,-0.45,-0.45,-0.4,-0.43,-0.38,-0.97,-0.97,-0.45,-0.67,-0.93,-0.71,-0.75,-0.07,-0.96,-0.57,0.61,-0.78,0.05,0.82,1.0,1.0,1.0,0.97,1.0,1.0,0.99,1.0,1.0
